participant_id,load,common_code_count_K,common_codes,missing_common_code_cells
10,0,10,C1|C2|C3|C4|C5|C6|C7|C8|C9|C10,0
10,1,10,C1|C2|C3|C4|C5|C6|C7|C8|C9|C10,0
10,2,10,C1|C2|C3|C4|C5|C6|C7|C8|C9|C10,0
16,0,10,C1|C2|C3|C4|C5|C6|C7|C8|C9|C10,0
16,1,10,C1|C2|C3|C4|C5|C6|C7|C8|C9|C10,0
16,2,10,C1|C2|C3|C4|C5|C6|C7|C8|C9|C10,0
18,0,10,C1|C2|C3|C4|C5|C6|C7|C8|C9|C10,0
18,1,10,C1|C2|C3|C4|C5|C6|C7|C8|C9|C10,0
18,2,10,C1|C2|C3|C4|C5|C6|C7|C8|C9|C10,0
19,0,10,C1|C2|C3|C4|C5|C6|C7|C8|C9|C10,0
19,1,10,C1|C2|C3|C4|C5|C6|C7|C8|C9|C10,0
19,2,10,C1|C2|C3|C4|C5|C6|C7|C8|C9|C10,0
22,0,10,C1|C2|C3|C4|C5|C6|C7|C8|C9|C10,0
22,1,10,C1|C2|C3|C4|C5|C6|C7|C8|C9|C10,0
22,2,10,C1|C2|C3|C4|C5|C6|C7|C8|C9|C10,0
24,0,10,C1|C2|C3|C4|C5|C6|C7|C8|C9|C10,0
24,1,10,C1|C2|C3|C4|C5|C6|C7|C8|C9|C10,0
24,2,10,C1|C2|C3|C4|C5|C6|C7|C8|C9|C10,0
27,0,10,C1|C2|C3|C4|C5|C6|C7|C8|C9|C10,0
27,1,10,C1|C2|C3|C4|C5|C6|C7|C8|C9|C10,0
27,2,10,C1|C2|C3|C4|C5|C6|C7|C8|C9|C10,0
28,0,10,C1|C2|C3|C4|C5|C6|C7|C8|C9|C10,0
28,1,10,C1|C2|C3|C4|C5|C6|C7|C8|C9|C10,0
28,2,10,C1|C2|C3|C4|C5|C6|C7|C8|C9|C10,0
30,0,10,C1|C2|C3|C4|C5|C6|C7|C8|C9|C10,0
30,1,10,C1|C2|C3|C4|C5|C6|C7|C8|C9|C10,0
30,2,10,C1|C2|C3|C4|C5|C6|C7|C8|C9|C10,0
31,0,10,C1|C2|C3|C4|C5|C6|C7|C8|C9|C10,0
31,1,10,C1|C2|C3|C4|C5|C6|C7|C8|C9|C10,0
31,2,10,C1|C2|C3|C4|C5|C6|C7|C8|C9|C10,0
33,0,10,C1|C2|C3|C4|C5|C6|C7|C8|C9|C10,0
33,1,10,C1|C2|C3|C4|C5|C6|C7|C8|C9|C10,0
33,2,10,C1|C2|C3|C4|C5|C6|C7|C8|C9|C10,0
34,0,10,C1|C2|C3|C4|C5|C6|C7|C8|C9|C10,0
34,1,10,C1|C2|C3|C4|C5|C6|C7|C8|C9|C10,0
34,2,10,C1|C2|C3|C4|C5|C6|C7|C8|C9|C10,0
36,0,10,C1|C2|C3|C4|C5|C6|C7|C8|C9|C10,0
36,1,10,C1|C2|C3|C4|C5|C6|C7|C8|C9|C10,0
36,2,10,C1|C2|C3|C4|C5|C6|C7|C8|C9|C10,0
38,0,10,C1|C2|C3|C4|C5|C6|C7|C8|C9|C10,0
38,1,10,C1|C2|C3|C4|C5|C6|C7|C8|C9|C10,0
38,2,10,C1|C2|C3|C4|C5|C6|C7|C8|C9|C10,0
39,0,10,C1|C2|C3|C4|C5|C6|C7|C8|C9|C10,0
39,1,10,C1|C2|C3|C4|C5|C6|C7|C8|C9|C10,0
39,2,10,C1|C2|C3|C4|C5|C6|C7|C8|C9|C10,0
40,0,10,C1|C2|C3|C4|C5|C6|C7|C8|C9|C10,0
40,1,10,C1|C2|C3|C4|C5|C6|C7|C8|C9|C10,0
40,2,10,C1|C2|C3|C4|C5|C6|C7|C8|C9|C10,0
