population,cluster,contrast,estimate_db,ci95_low,ci95_high,paired_dz,exact_signflip_p,participant_n,whole_domain_primary_cft01_support,interpretation_note
CR,early,step_later_minus_0,0.537497589274507,0.15607143625783215,0.9189237422911818,0.7508982953433552,0.00714111328125,16,False,conditional LOSO feature result: balanced broad early component did not pass primary whole-domain CFT=.01 FWER inference
CR,early,2_minus_1,0.23544660296425762,-0.24581215449247779,0.716705360420993,0.26069268720620026,0.315399169921875,16,False,conditional LOSO feature result: balanced broad early component did not pass primary whole-domain CFT=.01 FWER inference
CR,late,step_later_minus_0,-0.8114844938138494,-1.1457636228128414,-0.4772053648148574,-1.2935583659884897,0.0003662109375,16,True,balanced LOSO feature result aligned with the FWER-significant balanced primary whole-domain late cluster
CR,late,2_minus_1,0.28499303256552544,-0.0169459857061669,0.5869320508372178,0.5029560879763189,0.062530517578125,16,True,balanced LOSO feature result aligned with the FWER-significant balanced primary whole-domain late cluster
ALL_NT,early,step_later_minus_0,0.5101039791899507,0.1536139353611805,0.8665940230187208,0.7624763394196343,0.006683349609375,16,False,conditional LOSO feature result: balanced broad early component did not pass primary whole-domain CFT=.01 FWER inference
ALL_NT,early,2_minus_1,0.1883508030887508,-0.2487449609654881,0.6254465671429896,0.2296180074622243,0.3729248046875,16,False,conditional LOSO feature result: balanced broad early component did not pass primary whole-domain CFT=.01 FWER inference
ALL_NT,late,step_later_minus_0,-0.8179660328962663,-1.1488954447649076,-0.487036621027625,-1.3170885289819396,0.000335693359375,16,True,balanced LOSO feature result aligned with the FWER-significant balanced primary whole-domain late cluster
ALL_NT,late,2_minus_1,0.2732081194417442,-0.010462667184350682,0.5568789060678392,0.513208752435608,0.05828857421875,16,True,balanced LOSO feature result aligned with the FWER-significant balanced primary whole-domain late cluster
ALL_NT_RESPONSE_CENSORED,early,step_later_minus_0,0.5091077516666395,0.15234769624731453,0.8658678070859644,0.7604112830506975,0.00665283203125,16,False,conditional LOSO feature result: balanced broad early component did not pass primary whole-domain CFT=.01 FWER inference
ALL_NT_RESPONSE_CENSORED,early,2_minus_1,0.18868376321364222,-0.24799271455976896,0.6253602409870533,0.23024478179290905,0.371124267578125,16,False,conditional LOSO feature result: balanced broad early component did not pass primary whole-domain CFT=.01 FWER inference
ALL_NT_RESPONSE_CENSORED,late,step_later_minus_0,-0.8119277837583943,-1.1427144560183873,-0.48114111149840133,-1.3079298917147784,0.000335693359375,16,True,balanced LOSO feature result aligned with the FWER-significant balanced primary whole-domain late cluster
ALL_NT_RESPONSE_CENSORED,late,2_minus_1,0.2673376444125126,-0.015237644898031977,0.5499129337230573,0.5041282113558528,0.06207275390625,16,True,balanced LOSO feature result aligned with the FWER-significant balanced primary whole-domain late cluster
