a_post,mean_contrast_dB,CI95_mean_low_dB,CI95_mean_high_dB,absolute_error_vs_empirical_dB
0.45,-0.12313770965740604,-0.3262969969294712,0.08002157761465907,0.687862290342594
0.4,-0.2694377358088851,-0.47858997226799216,-0.060285499349778005,0.541562264191115
0.35,-0.28247635682885175,-0.5030250306428108,-0.061927683014892654,0.5285236431711483
0.3,-0.5470974069433664,-0.7534025729731646,-0.3407922409135682,0.26390259305663366
0.25,-0.7619579739060547,-0.9669553805447291,-0.5569605672673803,0.04904202609394537
0.2,-0.8467359631769615,-1.025018925526331,-0.6684530008275922,0.03573596317696148
0.1,-1.2211281026442442,-1.4221142005774507,-1.0201420047110377,0.41012810264424415
0.0,-1.5945494944509593,-1.7861232398828562,-1.4029757490190624,0.7835494944509592
-0.1,-1.907952549970274,-2.1293086258885254,-1.6865964740520227,1.0969525499702741
-0.2,-2.187554272916951,-2.418358809820451,-1.9567497360134505,1.3765542729169509
-0.3,-2.527686110706408,-2.7247221099938868,-2.3306501114189295,1.7166861107064082
-0.4,-3.0058363136149824,-3.224418983702264,-2.7872536435277007,2.1948363136149824
-0.5,-3.3621710233325617,-3.594266826375978,-3.1300752202891453,2.5511710233325617
