participant_id,load,cluster,rt_ms,mask_voxel_time_n,before_response_fraction,within_plusminus_200_fraction,after_response_fraction
10,2,early,1049.0999999999767,377,1.0,0.0,0.0
10,2,late,1049.0999999999767,2006,0.9985044865403788,0.0014955134596211367,0.0
16,2,early,592.2000000000698,291,0.9587628865979382,0.041237113402061855,0.0
16,2,late,592.2000000000698,2144,0.0,0.9934701492537313,0.0065298507462686565
16,2,early,793.3000000000466,291,1.0,0.0,0.0
16,2,late,793.3000000000466,2144,0.3111007462686567,0.6888992537313433,0.0
16,2,early,1106.8000000000466,291,1.0,0.0,0.0
16,2,late,1106.8000000000466,2144,1.0,0.0,0.0
16,2,early,857.8000000000466,291,1.0,0.0,0.0
16,2,late,857.8000000000466,2144,0.6124067164179104,0.38759328358208955,0.0
16,2,early,640.8000000000466,291,0.979381443298969,0.020618556701030927,0.0
16,2,late,640.8000000000466,2144,0.0,1.0,0.0
16,2,early,787.3000000000466,291,1.0,0.0,0.0
16,2,late,787.3000000000466,2144,0.3111007462686567,0.6888992537313433,0.0
16,2,early,738.1999999999534,291,1.0,0.0,0.0
16,2,late,738.1999999999534,2144,0.07369402985074627,0.9263059701492538,0.0
16,2,early,1113.6999999999534,291,1.0,0.0,0.0
16,2,late,1113.6999999999534,2144,1.0,0.0,0.0
16,2,early,829.1999999999534,291,1.0,0.0,0.0
16,2,late,829.1999999999534,2144,0.5107276119402985,0.48927238805970147,0.0
19,0,early,381.2000000000044,416,0.052884615384615384,0.9471153846153846,0.0
19,0,late,381.2000000000044,1807,0.0,0.3060320973990039,0.6939679026009962
19,2,early,345.5,416,0.036057692307692304,0.9639423076923077,0.0
19,2,late,345.5,1807,0.0,0.13503043718871058,0.8649695628112894
22,2,early,652.4000000000233,440,1.0,0.0,0.0
22,2,late,652.4000000000233,2123,0.0,0.9882242110221385,0.011775788977861516
24,2,early,638.9000000000233,387,1.0,0.0,0.0
24,2,late,638.9000000000233,1920,0.0,0.9984375,0.0015625
24,2,early,762.3999999999069,387,1.0,0.0,0.0
24,2,late,762.3999999999069,1920,0.24583333333333332,0.7541666666666667,0.0
24,2,early,112.39999999990688,387,0.0,0.937984496124031,0.06201550387596899
24,2,late,112.39999999990688,1920,0.0,0.0,1.0
27,1,early,741.1999999999534,391,1.0,0.0,0.0
27,1,late,741.1999999999534,1792,0.125,0.875,0.0
27,2,early,1238.1000000000931,391,1.0,0.0,0.0
27,2,late,1238.1000000000931,1792,1.0,0.0,0.0
27,2,early,1236.7000000000698,391,1.0,0.0,0.0
27,2,late,1236.7000000000698,1792,1.0,0.0,0.0
27,2,early,1390.0999999999767,391,1.0,0.0,0.0
27,2,late,1390.0999999999767,1792,1.0,0.0,0.0
27,2,early,1331.0999999999767,391,1.0,0.0,0.0
27,2,late,1331.0999999999767,1792,1.0,0.0,0.0
28,2,early,1567.7999999999302,219,1.0,0.0,0.0
28,2,late,1567.7999999999302,1987,1.0,0.0,0.0
28,2,early,651.7999999999302,219,1.0,0.0,0.0
28,2,late,651.7999999999302,1987,0.0,1.0,0.0
28,2,early,642.8999999999069,219,1.0,0.0,0.0
28,2,late,642.8999999999069,1987,0.0,1.0,0.0
28,2,early,492.79999999993015,219,0.8767123287671232,0.1232876712328767,0.0
28,2,late,492.79999999993015,1987,0.0,0.79768495218923,0.20231504781077
30,0,early,336.8000000000029,213,0.0,1.0,0.0
30,0,late,336.8000000000029,2018,0.0,0.08077304261645193,0.9192269573835481
30,0,early,308.80000000001746,213,0.0,1.0,0.0
30,0,late,308.80000000001746,2018,0.0,0.02973240832507433,0.9702675916749257
30,2,early,1201.0999999999767,213,1.0,0.0,0.0
30,2,late,1201.0999999999767,2018,1.0,0.0,0.0
30,2,early,329.5,213,0.0,1.0,0.0
30,2,late,329.5,2018,0.0,0.08077304261645193,0.9192269573835481
31,2,early,699.8000000000466,393,1.0,0.0,0.0
31,2,late,699.8000000000466,1788,0.0,1.0,0.0
33,2,early,721.2999999999302,123,1.0,0.0,0.0
33,2,late,721.2999999999302,1826,0.08050383351588171,0.9194961664841182,0.0
33,2,early,1148.3000000000466,123,1.0,0.0,0.0
33,2,late,1148.3000000000466,1826,1.0,0.0,0.0
34,2,early,359.10000000009313,159,0.0,1.0,0.0
34,2,late,359.10000000009313,1898,0.0,0.1285563751317176,0.8714436248682824
36,2,early,913.7000000000698,291,1.0,0.0,0.0
36,2,late,913.7000000000698,2117,0.8823807274444969,0.11761927255550307,0.0
36,2,early,1620.5999999999767,291,1.0,0.0,0.0
36,2,late,1620.5999999999767,2117,1.0,0.0,0.0
38,2,early,1443.5999999999767,259,1.0,0.0,0.0
38,2,late,1443.5999999999767,1981,1.0,0.0,0.0
39,0,early,420.0,218,0.26605504587155965,0.7339449541284404,0.0
39,0,late,420.0,1943,0.0,0.45856922285126095,0.5414307771487391
39,0,early,409.5,218,0.26605504587155965,0.7339449541284404,0.0
39,0,late,409.5,1943,0.0,0.3721049922799794,0.6278950077200206
39,1,early,978.7000000000116,218,1.0,0.0,0.0
39,1,late,978.7000000000116,1943,0.9500772002058672,0.049922799794132784,0.0
39,1,early,525.7000000000116,218,1.0,0.0,0.0
39,1,late,525.7000000000116,1943,0.0,0.9001544004117344,0.09984559958826557
39,2,early,686.0,218,1.0,0.0,0.0
39,2,late,686.0,1943,0.0,0.9840452907874421,0.0159547092125579
39,2,early,456.0,218,0.5229357798165137,0.47706422018348627,0.0
39,2,late,456.0,1943,0.0,0.550694801852805,0.44930519814719505
39,2,early,854.0,218,1.0,0.0,0.0
39,2,late,854.0,1943,0.550694801852805,0.44930519814719505,0.0
40,0,early,488.7000000000044,423,0.8274231678486997,0.17257683215130024,0.0
40,0,late,488.7000000000044,2256,0.0,0.8120567375886525,0.1879432624113475
40,2,early,835.5,423,1.0,0.0,0.0
40,2,late,835.5,2256,0.5762411347517731,0.4237588652482269,0.0
